A,B,Mode,Quantum_Result,Expected_Result,Carry_Borrow,Expected_Carry_Borrow,Status
0,0,Addition,0,0,0,0,PASS
1,1,Addition,2,2,0,0,PASS
5,10,Addition,15,15,0,0,PASS
10,5,Addition,15,15,0,0,PASS
25,30,Addition,55,55,0,0,PASS
50,75,Addition,125,125,0,0,PASS
100,50,Addition,150,150,0,0,PASS
120,100,Addition,220,220,0,0,PASS
200,30,Addition,230,230,0,0,PASS
255,0,Addition,255,255,0,0,PASS
10,5,Subtraction,5,5,0,0,PASS
20,10,Subtraction,10,10,0,0,PASS
50,25,Subtraction,25,25,0,0,PASS
100,50,Subtraction,50,50,0,0,PASS
200,100,Subtraction,100,100,0,0,PASS
255,1,Subtraction,254,254,0,0,PASS
5,10,Subtraction,251,251,1,1,PASS
25,50,Subtraction,231,231,1,1,PASS
50,100,Subtraction,206,206,1,1,PASS
100,200,Subtraction,156,156,1,1,PASS
